month,equity_usd,eur_per_usd,gold_usd,y10,y3m,cpi
1972-12-01,0.0099,1.6355205,64,0.086,0.086,33.79322
1973-01-01,-0.0283,1.6341911,65,0.086,0.0789,34.18465
1973-02-01,-0.0443,1.5366877,74,0.086,0.0796,34.38036
1973-03-01,-0.0084,1.4383663,84,0.086,0.0877,34.64131
1973-04-01,-0.0516,1.4504328,91,0.088,0.1062,34.83702
1973-05-01,-0.0246,1.4269645,102,0.092,0.1242,35.09798
1973-06-01,-0.0106,1.3189285,120,0.099,0.1362,35.29369
1973-07-01,0.0568,1.1943778,120,0.099,0.143,35.42417
1973-08-01,-0.0312,1.2409054,107,0.098,0.1457,35.42417
1973-09-01,0.0542,1.2396783,103,0.096,0.1425,35.42417
1973-10-01,-0.0018,1.2342075,100,0.097,0.1449,35.68512
1973-11-01,-0.1222,1.3196955,95,0.094,0.1362,36.14178
1973-12-01,0.0123,1.3588604,107,0.096,0.132,36.46797
1974-01-01,0.0047,1.4393378,129,0.096,0.1209,36.72892
1974-02-01,0.0012,1.3879529,150,0.099,0.1067,37.05511
1974-03-01,-0.0226,1.3386644,168,0.105,0.112,37.12035
1974-04-01,-0.0453,1.2916256,172,0.104,0.1007,37.3813
1974-05-01,-0.0395,1.2585961,163,0.106,0.091,37.57701
1974-06-01,-0.0224,1.2911654,154,0.107,0.0946,37.70749
1974-07-01,-0.0736,1.3052259,143,0.108,0.0948,37.83797
1974-08-01,-0.0879,1.3387667,155,0.108,0.0965,37.90321
1974-09-01,-0.1098,1.3605477,152,0.108,0.0969,37.96844
1974-10-01,0.1662,1.3256776,159,0.108,0.0978,38.2294
1974-11-01,-0.0399,1.2838539,182,0.105,0.0904,38.49035
1974-12-01,-0.0274,1.2528185,184,0.099,0.086,38.55558
1975-01-01,0.1425,1.2091542,176,0.094,0.0774,38.94701
1975-02-01,0.0599,1.1898273,180,0.089,0.0643,39.14273
1975-03-01,0.0307,1.1858393,178,0.089,0.0571,39.33844
1975-04-01,0.0466,1.2147273,170,0.088,0.0489,39.66463
1975-05-01,0.0564,1.2017916,167,0.086,0.0499,39.86034
1975-06-01,0.0528,1.1966786,164,0.084,0.0488,40.18653
1975-07-01,-0.0612,1.2642714,165,0.085,0.0466,40.18653
1975-08-01,-0.0236,1.3158608,163,0.085,0.0388,40.12129
1975-09-01,-0.0373,1.3390223,144,0.085,0.0393,40.31701
1975-10-01,0.0588,1.3200022,143,0.085,0.0407,40.38224
1975-11-01,0.0306,1.3240415,142,0.086,0.0412,40.51272
1975-12-01,-0.0112,1.3404539,139,0.085,0.0421,40.6432
1976-01-01,0.1262,1.3306371,131,0.083,0.0393,40.96939
1976-02-01,0.0065,1.3098787,131,0.082,0.0372,41.23034
1976-03-01,0.0272,1.3089072,133,0.079,0.0374,41.36081
1976-04-01,-0.0107,1.2976588,128,0.079,0.0362,41.55653
1976-05-01,-0.0097,1.3098787,127,0.081,0.0377,41.62177
1976-06-01,0.0449,1.3178548,126,0.082,0.0414,41.687
1976-07-01,-0.0059,1.3163209,118,0.084,0.0447,41.62177
1976-08-01,-0.0015,1.2932106,110,0.083,0.0456,41.75224
1976-09-01,0.025,1.2730145,114,0.081,0.0456,41.81748
1976-10-01,-0.0201,1.2421325,116,0.08,0.0485,41.88272
1976-11-01,0.0076,1.2337473,130,0.076,0.0469,42.01319
1976-12-01,0.0605,1.2184597,134,0.074,0.0493,42.14367
1977-01-01,-0.0367,1.2235726,132,0.072,0.0478,42.60033
1977-02-01,-0.0159,1.229657,136,0.072,0.0471,42.79605
1977-03-01,-0.0097,1.2228057,148,0.07,0.0473,42.86128
1977-04-01,0.0053,1.2139603,149,0.066,0.0462,43.057
1977-05-01,-0.011,1.2060353,147,0.065,0.0444,43.18747
1977-06-01,0.0512,1.2043992,141,0.066,0.0428,43.38319
1977-07-01,-0.0127,1.1667681,143,0.064,0.0429,43.31795
1977-08-01,-0.0132,1.1844588,145,0.062,0.0412,43.31795
1977-09-01,0.0016,1.1881401,150,0.062,0.0415,43.38319
1977-10-01,-0.039,1.1646206,159,0.062,0.0413,43.38319
1977-11-01,0.045,1.1456006,162,0.062,0.0415,43.44843
1977-12-01,0.0076,1.0997888,160,0.061,0.0398,43.5789
1978-01-01,-0.0551,1.0829162,173,0.059,0.0358,43.90509
1978-02-01,-0.0093,1.0623111,178,0.058,0.0346,44.03556
1978-03-01,0.0338,1.0396609,184,0.057,0.0351,44.16604
1978-04-01,0.0841,1.0444159,175,0.057,0.0356,44.36176
1978-05-01,0.0227,1.0765762,176,0.059,0.036,44.42699
1978-06-01,-0.0115,1.0655323,184,0.06,0.0368,44.55747
1978-07-01,0.0568,1.0510627,189,0.062,0.0375,44.49223
1978-08-01,0.0434,1.0210499,206,0.064,0.037,44.42699
1978-09-01,-0.0082,1.0070405,212,0.063,0.037,44.36176
1978-10-01,-0.1122,0.9403169,227,0.064,0.0395,44.42699
1978-11-01,0.0341,0.97390878,206,0.066,0.0385,44.55747
1978-12-01,0.0165,0.96112648,208,0.067,0.0406,44.68795
1979-01-01,0.0499,0.94588998,227,0.068,0.0389,45.14461
1979-02-01,-0.0283,0.94931564,246,0.071,0.0415,45.27509
1979-03-01,0.0648,0.95115629,242,0.072,0.0447,45.53604
1979-04-01,0.0073,0.96935828,239,0.073,0.0554,45.73175
1979-05-01,-0.0138,0.97539152,258,0.078,0.0592,45.86222
1979-06-01,0.0465,0.96342729,279,0.08,0.0646,46.12318
1979-07-01,0.016,0.93274978,295,0.079,0.0684,46.38413
1979-08-01,0.0631,0.93530624,301,0.076,0.0709,46.44937
1979-09-01,0,0.91720651,355,0.075,0.0789,46.64508
1979-10-01,-0.0723,0.91505908,392,0.077,0.0876,46.71032
1979-11-01,0.0621,0.90554905,392,0.08,0.0965,46.97127
1979-12-01,0.0273,0.88663125,455,0.079,0.0958,47.10175
1980-01-01,0.063,0.88177398,675,0.08,0.0886,47.3627
1980-02-01,-0.0034,0.89384047,665,0.084,0.0897,47.94984
1980-03-01,-0.1169,0.94686143,554,0.094,0.0964,48.14555
1980-04-01,0.0521,0.96000164,517,0.094,0.1022,48.4065
1980-05-01,0.0607,0.91587715,514,0.083,0.1026,48.66745
1980-06-01,0.0359,0.90360614,601,0.081,0.1011,48.79793
1980-07-01,0.0704,0.89322692,643,0.079,0.097,48.86317
1980-08-01,0.0239,0.91521247,627,0.078,0.0898,48.92841
1980-09-01,0.0294,0.91500795,674,0.081,0.0897,48.92841
1980-10-01,0.0199,0.94225981,661,0.083,0.0908,48.99364
1980-11-01,0.1056,0.98122025,625,0.086,0.0945,49.31984
1980-12-01,-0.0315,1.007245,538,0.088,0.102,49.71126
1981-01-01,-0.0402,1.0279523,557,0.09,0.0947,50.16793
1981-02-01,0.0168,1.0937556,500,0.098,0.1067,50.55935
1981-03-01,0.0488,1.0766273,499,0.102,0.136,50.95078
1981-04-01,-0.0108,1.1064356,496,0.1,0.1319,51.21173
1981-05-01,0.0128,1.1729547,480,0.105,0.132,51.47268
1981-06-01,-0.0099,1.2159032,461,0.105,0.1309,51.6684
1981-07-01,-0.0031,1.2478078,409,0.105,0.1296,51.99459
1981-08-01,-0.0574,1.2788433,410,0.107,0.129,52.12506
1981-09-01,-0.0595,1.2026608,444,0.106,0.125,52.38601
1981-10-01,0.0613,1.1526053,438,0.102,0.1178,52.64697
1981-11-01,0.0447,1.1397719,413,0.099,0.1108,52.90792
1981-12-01,-0.0276,1.1544459,410,0.097,0.1082,53.03839
1982-01-01,-0.0243,1.1728013,384,0.098,0.1046,53.49506
1982-02-01,-0.0494,1.2097166,374,0.097,0.1027,53.5603
1982-03-01,-0.0084,1.2168747,330,0.094,0.0987,53.5603
1982-04-01,0.0437,1.2255666,350,0.089,0.0933,53.75601
1982-05-01,-0.0287,1.1825159,334,0.087,0.0918,54.14744
1982-06-01,-0.0212,1.2420814,315,0.091,0.0928,54.73458
1982-07-01,-0.0215,1.260948,339,0.093,0.0946,54.79982
1982-08-01,0.1199,1.2686685,364,0.09,0.09,54.73458
1982-09-01,0.0182,1.2810418,437,0.086,0.0818,54.93029
1982-10-01,0.1189,1.294591,422,0.083,0.0758,55.19124
1982-11-01,0.0531,1.3059929,415,0.082,0.0731,55.32172
1982-12-01,0.0123,1.2369684,445,0.079,0.0662,55.45219
1983-01-01,0.0428,1.2216297,481,0.078,0.0582,55.71315
1983-02-01,0.0321,1.2414167,491,0.078,0.0583,55.71315
1983-03-01,0.0344,1.2327247,420,0.076,0.0545,55.71315
1983-04-01,0.0737,1.2473988,433,0.077,0.052,55.84362
1983-05-01,0.012,1.2611014,438,0.078,0.0533,55.9741
1983-06-01,0.0374,1.303283,413,0.082,0.0557,56.16981
1983-07-01,-0.0332,1.3249618,403,0.082,0.0557,56.36552
1983-08-01,0.0026,1.36699,416,0.084,0.0571,56.56124
1983-09-01,0.0168,1.3640756,412,0.085,0.0588,56.69172
1983-10-01,-0.0267,1.330995,394,0.083,0.0618,56.69172
1983-11-01,0.0287,1.3726142,382,0.083,0.063,56.82219
1983-12-01,-0.0104,1.4060527,388,0.084,0.0648,56.95266
1984-01-01,-0.0116,1.4372415,371,0.084,0.0612,57.14838
1984-02-01,-0.0406,1.37967,386,0.082,0.0595,57.34409
1984-03-01,0.0138,1.3279784,394,0.081,0.0586,57.40933
1984-04-01,0.003,1.3535941,381,0.081,0.0584,57.47457
1984-05-01,-0.052,1.4052346,377,0.082,0.061,57.53981
1984-06-01,0.0256,1.4007864,378,0.082,0.0613,57.73552
1984-07-01,-0.019,1.4567728,348,0.082,0.0613,57.67028
1984-08-01,0.111,1.4753839,348,0.081,0.0602,57.53981
1984-09-01,0.0006,1.5499302,340,0.078,0.0582,57.60505
1984-10-01,0.0016,1.5685412,341,0.076,0.0607,57.93123
1984-11-01,-0.0104,1.5331087,342,0.074,0.0596,57.99647
1984-12-01,0.0248,1.5872545,320,0.072,0.0583,58.06171
1985-01-01,0.0862,1.621102,303,0.073,0.0587,58.3879
1985-02-01,0.018,1.6885414,299,0.076,0.0616,58.64885
1985-03-01,-0.0021,1.6863429,314,0.077,0.0639,58.84456
1985-04-01,-0.0024,1.5822439,327,0.074,0.0602,58.9098
1985-05-01,0.0573,1.5897598,316,0.072,0.0584,58.9098
1985-06-01,0.0182,1.5663938,317,0.071,0.0568,58.9098
1985-07-01,-0.001,1.4870413,317,0.069,0.0534,58.9098
1985-08-01,-0.0046,1.4283961,330,0.067,0.0479,58.71409
1985-09-01,-0.0391,1.4510975,323,0.065,0.0471,58.77933
1985-10-01,0.0465,1.3521625,326,0.067,0.0484,58.84456
1985-11-01,0.0707,1.3270069,322,0.068,0.0488,58.9098
1985-12-01,0.0453,1.2844675,322,0.066,0.0486,58.97504
1986-01-01,0.0121,1.2467341,347,0.065,0.0472,59.17075
1986-02-01,0.0767,1.1921793,339,0.064,0.0454,59.10551
1986-03-01,0.0551,1.1632913,346,0.061,0.0456,58.9098
1986-04-01,-0.0076,1.1622687,340,0.057,0.0453,58.9098
1986-05-01,0.0511,1.1390049,342,0.061,0.0462,58.9098
1986-06-01,0.0158,1.1420727,343,0.062,0.0465,58.9098
1986-07-01,-0.0591,1.1001467,348,0.061,0.0465,58.71409
1986-08-01,0.0653,1.054335,377,0.059,0.0461,58.51838
1986-09-01,-0.0814,1.0438024,418,0.06,0.0453,58.58361
1986-10-01,0.051,1.0253959,424,0.063,0.0464,58.3879
1986-11-01,0.0156,1.0350082,398,0.064,0.0473,58.32266
1986-12-01,-0.0277,1.0164483,391,0.062,0.0484,58.3879
1987-01-01,0.1287,0.95079838,408,0.061,0.0454,58.71409
1987-02-01,0.0481,0.93254526,401,0.061,0.0403,58.77933
1987-03-01,0.021,0.93847625,409,0.06,0.0404,58.77933
1987-04-01,-0.0165,0.92635863,438,0.058,0.0391,58.9098
1987-05-01,0.0049,0.91424101,460,0.057,0.0381,58.9098
1987-06-01,0.0439,0.9299888,450,0.06,0.0373,58.97504
1987-07-01,0.043,0.94496965,451,0.063,0.0386,58.97504
1987-08-01,0.0399,0.94859983,461,0.065,0.04,58.9098
1987-09-01,-0.0213,0.9271767,460,0.067,0.0404,58.84456
1987-10-01,-0.2259,0.92063216,465,0.069,0.0474,58.9098
1987-11-01,-0.0741,0.86004407,468,0.064,0.0398,58.9098
1987-12-01,0.0721,0.83519529,486,0.065,0.0371,58.97504
1988-01-01,0.045,0.84552338,477,0.065,0.0346,59.23599
1988-02-01,0.0523,0.86740668,442,0.063,0.0337,59.36647
1988-03-01,-0.0182,0.85743648,444,0.062,0.0344,59.36647
1988-04-01,0.0103,0.85436873,452,0.063,0.0343,59.49694
1988-05-01,0.0024,0.8658728,451,0.066,0.0358,59.62742
1988-06-01,0.0527,0.8988,451,0.066,0.0393,59.69266
1988-07-01,-0.0074,0.94415159,438,0.067,0.0493,59.69266
1988-08-01,-0.0272,0.96531907,431,0.068,0.0537,59.62742
1988-09-01,0.0393,0.95447968,413,0.066,0.0502,59.69266
1988-10-01,0.0177,0.9287617,407,0.064,0.051,59.75789
1988-11-01,-0.017,0.89430063,420,0.064,0.0495,59.95361
1988-12-01,0.0211,0.89803306,419,0.065,0.0539,60.08408
1989-01-01,0.0662,0.93857851,404,0.067,0.057,60.60599
1989-02-01,-0.0162,0.94614563,388,0.069,0.0643,60.8017
1989-03-01,0.0224,0.95540001,390,0.07,0.0667,60.86694
1989-04-01,0.0502,0.95596243,384,0.069,0.0648,61.25837
1989-05-01,0.0407,0.99502513,371,0.071,0.0702,61.3236
1989-06-01,-0.0062,1.0117955,368,0.069,0.0702,61.38884
1989-07-01,0.0788,0.96639278,375,0.068,0.0709,61.3236
1989-08-01,0.0217,0.9851572,365,0.068,0.0707,61.3236
1989-09-01,-0.0011,0.99712143,362,0.07,0.0741,61.38884
1989-10-01,-0.0297,0.95417291,367,0.072,0.0813,61.58455
1989-11-01,0.0173,0.93566414,394,0.075,0.0829,61.71503
1989-12-01,0.0179,0.88852303,409.39,0.075,0.0811,61.91074
1990-01-01,-0.0723,0.86479909,410,0.07695,0.083,62.23693
1990-02-01,0.0169,0.85682293,417,0.08575,0.0831,62.49788
1990-03-01,0.0247,0.87190605,393,0.08645,0.0848,62.49788
1990-04-01,-0.0267,0.8621915,374,0.087625,0.0827,62.62836
1990-05-01,0.0911,0.8502784,369,0.08715,0.0833,62.75883
1990-06-01,-0.0046,0.86060649,352,0.088325,0.083,62.82407
1990-07-01,-0.0122,0.83724046,363,0.08545,0.0826,62.82407
1990-08-01,-0.0946,0.80283051,395,0.089975,0.0845,63.01979
1990-09-01,-0.0551,0.80277938,389,0.09105,0.0847,63.2155
1990-10-01,-0.0124,0.77910657,381,0.090675,0.086,63.67216
1990-11-01,0.0692,0.75962635,382,0.089325,0.0888,63.54169
1990-12-01,0.0306,0.7660175,377,0.08845,0.0921,63.60693
1991-01-01,0.0521,0.77159058,384,0.089275,0.0935,63.99836
1991-02-01,0.0767,0.75696763,364,0.0835,0.0908,64.27823
1991-03-01,0.031,0.82430477,363,0.084275,0.0909,64.27823
1991-04-01,0.0025,0.87057669,358,0.083575,0.0918,64.55811
1991-05-01,0.0413,0.87937091,357,0.08395,0.0908,64.74469
1991-06-01,-0.0452,0.91153117,367,0.084075,0.0906,65.11786
1991-07-01,0.0473,0.91275827,368,0.086325,0.0915,65.8642
1991-08-01,0.0278,0.89143739,356,0.0852,0.0931,65.8642
1991-09-01,-0.0113,0.86577054,349,0.08455,0.0927,65.8642
1991-10-01,0.0171,0.86372537,359,0.083475,0.0938,66.89041
1991-11-01,-0.0381,0.82870188,360,0.08315,0.0943,67.17029
1991-12-01,0.1123,0.79914921,362,0.082125,0.0958,67.26358
1992-01-01,-0.0025,0.80722762,354,0.079475,0.0953,67.63675
1992-02-01,0.0136,0.82757704,354,0.0792,0.0961,68.00992
1992-03-01,-0.0231,0.84956259,344,0.080275,0.097,68.28979
1992-04-01,0.0141,0.8432737,339,0.08035,0.0975,68.56966
1992-05-01,0.0058,0.82957108,337,0.08075,0.0979,68.75625
1992-06-01,-0.0201,0.80405761,341,0.080675,0.0975,68.94283
1992-07-01,0.0409,0.76254071,353,0.08125,0.0978,69.12942
1992-08-01,-0.0212,0.740095,343,0.0804,0.0988,69.12942
1992-09-01,0.0145,0.74208904,345,0.076525,0.095,69.12942
1992-10-01,0.0125,0.75931957,344,0.074525,0.0894,69.12942
1992-11-01,0.0437,0.81167586,335,0.0736,0.0894,69.40929
1992-12-01,0.0181,0.80896601,335,0.0732,0.0904,69.50259
1993-01-01,0.0116,0.82542961,329,0.071325,0.0859,70.71539
1993-02-01,0.0034,0.83923449,329,0.06905,0.084,71.27514
1993-03-01,0.0257,0.84189321,330,0.066375,0.0798,71.46172
1993-04-01,-0.0281,0.81622636,342,0.066775,0.0792,71.64831
1993-05-01,0.0311,0.82169718,367,0.0683,0.0751,71.7416
1993-06-01,0.0055,0.84603468,372,0.068075,0.076,71.92818
1993-07-01,-0.001,0.87722348,392,0.066075,0.0724,72.30135
1993-08-01,0.0397,0.86633296,379,0.063725,0.0661,72.30135
1993-09-01,0.0014,0.8292643,355,0.0619,0.0663,72.20805
1993-10-01,0.0164,0.83877433,364,0.05985,0.0664,72.20805
1993-11-01,-0.0162,0.86945184,374,0.059825,0.0631,72.30135
1993-12-01,0.0188,0.87456476,383,0.0583,0.0611,72.48793
1994-01-01,0.0312,0.89097723,387,0.05815,0.0589,72.8611
1994-02-01,-0.0234,0.88734706,382,0.06135,0.0591,73.42085
1994-03-01,-0.0452,0.86454344,384,0.06345,0.0584,73.51414
1994-04-01,0.0095,0.86837813,377,0.06607,0.0559,73.60744
1994-05-01,0.009,0.846955,381,0.066635,0.052,73.79402
1994-06-01,-0.0273,0.83192302,386,0.07052381,0.0507,73.88731
1994-07-01,0.031,0.80139889,385,0.068961905,0.0497,74.0739
1994-08-01,0.0439,0.79996728,380,0.070895652,0.05,74.26048
1994-09-01,-0.0191,0.79204225,392,0.075154545,0.0507,74.0739
1994-10-01,0.0173,0.77690801,390,0.075415,0.0522,73.98061
1994-11-01,-0.0366,0.78718498,384,0.074914286,0.0521,74.0739
1994-12-01,0.013,0.80354632,379,0.074609524,0.054,74.26048
1995-01-01,0.0222,0.78237884,379,0.075959091,0.0516,74.54036
1995-02-01,0.0403,0.76806266,377,0.07424,0.051,74.91353
1995-03-01,0.0265,0.71892751,382,0.072773913,0.0507,74.91353
1995-04-01,0.0255,0.70619635,391,0.070883333,0.0468,75.00682
1995-05-01,0.0344,0.72071704,385,0.06862381,0.0459,75.00682
1995-06-01,0.0319,0.71642218,388,0.06783,0.0453,75.10011
1995-07-01,0.0416,0.70997991,386,0.06862381,0.0456,75.2867
1995-08-01,0.0102,0.73912354,384,0.06746087,0.0446,75.2867
1995-09-01,0.0379,0.74653728,383,0.065852381,0.0419,75.2867
1995-10-01,-0.0104,0.72312011,383,0.065652381,0.0409,75.10011
1995-11-01,0.0438,0.72465398,385,0.063418182,0.0401,75.10011
1995-12-01,0.0153,0.73656708,387,0.060747368,0.0394,75.37999
1996-01-01,0.0269,0.74827567,399,0.058872727,0.0361,75.56657
1996-02-01,0.0172,0.75001406,405,0.062042857,0.0335,76.03304
1996-03-01,0.0113,0.75548488,396,0.064452381,0.0336,76.03304
1996-04-01,0.0252,0.76918751,393,0.06377,0.0333,76.03304
1996-05-01,0.0278,0.78350368,392,0.06446,0.0329,76.12633
1996-06-01,-0.0073,0.78135625,385,0.065589474,0.0339,76.21962
1996-07-01,-0.0551,0.76821605,383,0.064786957,0.0338,76.31291
1996-08-01,0.0318,0.75804134,387,0.063022727,0.0329,76.31291
1996-09-01,0.0545,0.77102816,383,0.062266667,0.0312,76.31291
1996-10-01,0.0129,0.78110061,381,0.060086364,0.0312,76.31291
1996-11-01,0.0666,0.77297107,378,0.058595238,0.0319,76.21962
1996-12-01,-0.0124,0.79378065,369,0.0579,0.0323,76.49949
1997-01-01,0.0541,0.82047008,355,0.058040909,0.0314,77.15253
1997-02-01,-0.0009,0.85626051,347,0.055445,0.0319,77.24583
1997-03-01,-0.0459,0.86643522,352,0.057152632,0.0326,77.24583
1997-04-01,0.0447,0.87528057,344,0.058668182,0.0323,77.15253
1997-05-01,0.0722,0.8716504,344,0.057611111,0.0317,77.33912
1997-06-01,0.0447,0.88335898,341,0.057185714,0.0314,77.43241
1997-07-01,0.0774,0.91720651,324,0.055565217,0.0314,78.08546
1997-08-01,-0.0369,0.94077706,324,0.0566,0.0326,78.17875
1997-09-01,0.0578,0.91326956,323,0.055927273,0.0331,77.99216
1997-10-01,-0.0338,0.89859548,325,0.055781818,0.0358,77.89887
1997-11-01,0.0338,0.88571093,306,0.055565,0.0374,77.89887
1997-12-01,0.0181,0.909486,289,0.053273684,0.0374,78.08546
1998-01-01,0.0058,0.9287617,289,0.05112381,0.0357,78.08546
1998-02-01,0.0742,0.92661428,297,0.04989,0.0351,78.27204
1998-03-01,0.0515,0.93423253,296,0.048995455,0.0352,78.17875
1998-04-01,0.0117,0.92707444,308,0.04902,0.0363,78.27204
1998-05-01,-0.0267,0.90769648,299,0.049647368,0.0363,78.36533
1998-06-01,0.036,0.91664408,292,0.047985,0.0356,78.45863
1998-07-01,-0.0202,0.91909829,293,0.046847826,0.0354,78.7385
1998-08-01,-0.1562,0.91362746,284,0.044252381,0.035,78.55192
1998-09-01,0.0665,0.86868491,289,0.040609091,0.0349,78.36533
1998-10-01,0.073,0.83754723,296,0.040645455,0.0357,78.27204
1998-11-01,0.0638,0.86035085,294,0.041204762,0.0363,78.27204
1998-12-01,0.0653,0.85375518,292,0.038635,0.0338,78.36533
1999-01-01,0.0383,0.86273833,287,0.03702,0.031321,78.27204
1999-02-01,-0.0373,0.89261805,287,0.03849,0.030934,78.36533
1999-03-01,0.0391,0.91861106,286,0.040378261,0.030466957,78.36533
1999-04-01,0.0471,0.9344921,283,0.0385,0.026964545,78.7385
1999-05-01,-0.0212,0.94073377,276,0.040121053,0.025789524,78.7385
1999-06-01,0.0517,0.96366965,261,0.043604762,0.026266818,78.83179
1999-07-01,-0.0311,0.96432015,256,0.046763636,0.026764545,79.20496
1999-08-01,-0.0098,0.94295144,257,0.048790909,0.026950455,79.11167
1999-09-01,-0.0238,0.95265314,265,0.050404545,0.027266818,78.92509
1999-10-01,0.0648,0.93405567,311,0.05292381,0.033756667,78.83179
1999-11-01,0.0377,0.96824167,293,0.0504,0.034676818,79.01838
1999-12-01,0.081,0.98911968,283,0.05147619,0.034460455,79.29826
2000-01-01,-0.0433,0.98706939,284,0.055395238,0.033431429,79.48484
2000-02-01,0.0289,1.0168802,300,0.055085714,0.035367619,79.57813
2000-03-01,0.0568,1.0370217,286,0.053330435,0.037470435,79.57813
2000-04-01,-0.0593,1.058313,280,0.052255556,0.039252778,79.57813
2000-05-01,-0.0389,1.1038746,275,0.053781818,0.043620455,79.48484
2000-06-01,0.0508,1.0520779,286,0.051913636,0.045017273,79.85801
2000-07-01,-0.02,1.0654166,282,0.052661905,0.045829048,80.23118
2000-08-01,0.0753,1.1055832,274.47,0.052104348,0.04777087,80.04459
2000-09-01,-0.0493,1.1500863,274,0.052633333,0.048528095,80.23118
2000-10-01,-0.0222,1.1730205,270,0.052071429,0.050412727,80.13789
2000-11-01,-0.1019,1.1693171,266,0.051536364,0.050919545,80.23118
2000-12-01,0.0168,1.1132138,271,0.048905263,0.049391579,80.88422
2001-01-01,0.0379,1.0665529,265,0.048031818,0.047707273,80.60434
2001-02-01,-0.0965,1.0863661,262,0.047775,0.047558,81.0708
2001-03-01,-0.0683,1.1009578,263,0.046677273,0.047086364,81.0708
2001-04-01,0.0832,1.1204482,260,0.048278947,0.04682,81.44397
2001-05-01,0.01,1.1424654,272,0.050468182,0.046366818,81.72385
2001-06-01,-0.0166,1.1723329,270,0.05,0.044535714,81.81714
2001-07-01,-0.0183,1.1607661,268,0.050159091,0.044671364,81.91043
2001-08-01,-0.0609,1.1093854,272,0.04823913,0.043535217,81.72385
2001-09-01,-0.0896,1.0972131,283,0.04813,0.0398285,81.72385
2001-10-01,0.027,1.1049724,283,0.045995652,0.035998696,81.63055
2001-11-01,0.077,1.1257458,276,0.044477273,0.033856818,81.44397
2001-12-01,0.0176,1.1220826,276,0.047358824,0.033448889,82.19031
2002-01-01,-0.013,1.1322464,282,0.048627273,0.033387727,82.2836
2002-02-01,-0.0217,1.1485012,296,0.049195,0.033571,82.56348
2002-03-01,0.0437,1.1407712,294,0.05161,0.033908,82.75006
2002-04-01,-0.0506,1.1286682,303,0.051552381,0.034069048,82.65677
2002-05-01,-0.0122,1.0905125,314,0.051677273,0.034671364,82.75006
2002-06-01,-0.071,1.0459157,321,0.050175,0.03464,82.75006
2002-07-01,-0.0804,1.0065425,313,0.048673913,0.0341,82.84335
2002-08-01,0.0064,1.0223903,310,0.045895455,0.033519091,82.75006
2002-09-01,-0.102,1.0197838,319,0.043852381,0.033101429,82.75006
2002-10-01,0.0798,1.0191602,317,0.04463913,0.032612609,82.65677
2002-11-01,0.0608,0.99870169,319,0.04477619,0.031241429,82.37689
2002-12-01,-0.0565,0.9809692,332,0.043355556,0.0294105,83.12323
2003-01-01,-0.0247,0.94144229,357,0.0418,0.028318182,83.12323
2003-02-01,-0.0179,0.92721372,359,0.03955,0.0268745,83.58969
2003-03-01,0.0119,0.9261832,341,0.040004762,0.025299524,83.68298
2003-04-01,0.0828,0.92064077,328,0.04147,0.0253335,83.40311
2003-05-01,0.0614,0.86535133,356,0.038152381,0.024005238,83.21652
2003-06-01,0.0152,0.85660442,356,0.036166667,0.021518571,83.4964
2003-07-01,0.024,0.87989441,351,0.039726087,0.021300435,83.68298
2003-08-01,0.024,0.89645899,360,0.0413,0.021404286,83.68298
2003-09-01,-0.0116,0.88754771,379,0.041713636,0.021473182,83.58969
2003-10-01,0.0615,0.85367936,379,0.042213043,0.021435652,83.58969
2003-11-01,0.0142,0.85397096,390,0.04353,0.0215905,83.40311
2003-12-01,0.0437,0.81314035,407,0.042910526,0.021463333,84.05615
2004-01-01,0.0222,0.79126444,414,0.041709524,0.020894762,84.05615
2004-02-01,0.0146,0.79113924,405,0.0411,0.0207055,84.24274
2004-03-01,-0.0123,0.81559416,407,0.039134783,0.020288261,84.52261
2004-04-01,-0.0173,0.83409792,403,0.04097,0.0204875,84.80248
2004-05-01,0.0124,0.83333333,384,0.042533333,0.020858571,84.98907
2004-06-01,0.0193,0.82331632,392,0.043127273,0.021126818,84.98907
2004-07-01,-0.0394,0.8152617,398,0.042368182,0.021160455,85.17565
2004-08-01,0.0018,0.82027725,401,0.040804545,0.021142727,85.26894
2004-09-01,0.0171,0.81806283,405,0.040163636,0.021185909,85.08236
2004-10-01,0.0153,0.79955225,420,0.038947619,0.021473333,85.17565
2004-11-01,0.0468,0.76940832,439,0.037804545,0.021703182,84.98907
2004-12-01,0.0358,0.74593466,442,0.035795238,0.021731739,85.92199
2005-01-01,-0.0259,0.76202088,424,0.035647619,0.021454286,85.26894
2005-02-01,0.0204,0.76846231,423,0.03544,0.0213835,85.64211
2005-03-01,-0.0173,0.75843762,434,0.036961905,0.021371905,86.01528
2005-04-01,-0.024,0.7726184,429,0.03482381,0.021372381,85.8287
2005-05-01,0.0389,0.78758762,422,0.033040909,0.021256364,86.01528
2005-06-01,0.0081,0.82270671,431,0.031263636,0.021110455,86.10857
2005-07-01,0.0416,0.83049581,424,0.032057143,0.021194286,86.48174
2005-08-01,-0.009,0.81333876,438,0.032326087,0.021324783,86.57504
2005-09-01,0.0077,0.81739415,456,0.030677273,0.021391364,86.66833
2005-10-01,-0.0177,0.83180835,470,0.032385714,0.02196619,86.76162
2005-11-01,0.0392,0.84824837,477,0.034481818,0.023608636,86.48174
2005-12-01,0.0008,0.84309923,510,0.03337619,0.024728571,87.13479
2006-01-01,0.0338,0.82467425,550,0.033213636,0.025116818,86.85491
2006-02-01,0.0004,0.83752094,555,0.034725,0.0260035,87.22808
2006-03-01,0.0184,0.83139342,557,0.036373913,0.027226087,87.22808
2006-04-01,0.0109,0.81479671,611,0.03895,0.027937778,87.50796
2006-05-01,-0.0313,0.78326937,675,0.039627273,0.02889,87.50796
2006-06-01,0.0005,0.78982703,596,0.039604545,0.029856818,87.69454
2006-07-01,-0.0037,0.78858134,634,0.0401,0.031021905,88.06771
2006-08-01,0.0245,0.78064012,633,0.03883913,0.032264783,87.88113
2006-09-01,0.0225,0.78603993,598,0.037538095,0.03335381,87.60125
2006-10-01,0.0363,0.79258144,586,0.037877273,0.03502,87.69454
2006-11-01,0.0212,0.77591558,628,0.037140909,0.035971818,87.69454
2006-12-01,0.0125,0.75728891,630,0.037705263,0.036842105,88.34759
2007-01-01,0.0182,0.76964519,631,0.040168182,0.037518636,88.34759
2007-02-01,-0.0158,0.76452599,665,0.04049,0.038182,88.72075
2007-03-01,0.0114,0.75494489,655,0.039409091,0.038909091,88.90733
2007-04-01,0.0393,0.74002812,679,0.041521053,0.039752632,89.37379
2007-05-01,0.0364,0.7397544,667,0.042790476,0.040713636,89.37379
2007-06-01,-0.0156,0.74510096,656,0.045604762,0.041477619,89.37379
2007-07-01,-0.0332,0.72854437,665,0.04505,0.042161818,89.84026
2007-08-01,0.0136,0.73389109,665,0.042965217,0.045436087,89.74696
2007-09-01,0.0354,0.71890726,713,0.04226,0.047417,89.93355
2007-10-01,0.0211,0.70259257,755,0.042826087,0.046873913,90.12013
2007-11-01,-0.0446,0.68105973,806,0.040890909,0.046385455,90.58659
2007-12-01,-0.006,0.68686036,803,0.042058824,0.048483684,91.14635
2008-01-01,-0.0612,0.67897882,890,0.040277273,0.044815455,90.86647
2008-02-01,-0.0296,0.67755268,922,0.039528571,0.043620952,91.23964
2008-03-01,-0.0077,0.6443299,968,0.037994737,0.045963684,91.7061
2008-04-01,0.0479,0.63475943,910,0.0404,0.047835,91.51952
2008-05-01,0.0205,0.64292144,889,0.042019048,0.04857381,92.07927
2008-06-01,-0.0826,0.64259093,889,0.045204762,0.049405238,92.26585
2008-07-01,-0.006,0.63455803,940,0.044904348,0.04961,92.82561
2008-08-01,0.0166,0.66867268,839,0.04202381,0.049651905,92.54573
2008-09-01,-0.092,0.69725282,830,0.040940909,0.050191818,92.45244
2008-10-01,-0.1712,0.75380672,807,0.038834783,0.05113087,92.26585
2008-11-01,-0.0771,0.78468299,761,0.035565,0.042383,91.79939
2008-12-01,0.0177,0.74013767,816,0.030478947,0.03292619,92.17256
2009-01-01,-0.0809,0.75505889,859,0.030709524,0.024565238,91.7061
2009-02-01,-0.1013,0.78143315,943,0.031275,0.0194305,92.26585
2009-03-01,0.0903,0.76628352,924,0.030195455,0.016354545,92.07927
2009-04-01,0.1018,0.75763315,890,0.03133,0.014223,92.17256
2009-05-01,0.0521,0.73281548,929,0.03371,0.012817,92.07927
2009-06-01,0.0043,0.71357214,946,0.034736364,0.012279091,92.35915
2009-07-01,0.0775,0.70962248,934,0.033378261,0.009749565,92.35915
2009-08-01,0.0334,0.70096733,949,0.033052381,0.008604762,92.54573
2009-09-01,0.0409,0.68610635,997,0.032631818,0.007720909,92.26585
2009-10-01,-0.0253,0.67471831,1043,0.032090909,0.007375,92.26585
2009-11-01,0.0563,0.67078079,1127,0.032171429,0.007161905,92.17256
2009-12-01,0.0281,0.6859181,1135,0.031385,0.007120455,92.91889
2010-01-01,-0.0335,0.70096733,1118,0.032575,0.0067975,92.35915
2010-02-01,0.0339,0.73099415,1095,0.0317,0.006617,92.73232
2010-03-01,0.0631,0.73691968,1113,0.031021739,0.006449565,93.19877
2010-04-01,0.02,0.7453231,1149,0.030645,0.006447,93.29206
2010-05-01,-0.0789,0.79598822,1205,0.027342857,0.006865238,93.19877
2010-06-01,-0.0555,0.81812976,1233,0.025431818,0.007275909,93.19877
2010-07-01,0.0693,0.78057919,1193,0.026159091,0.008488182,93.38535
2010-08-01,-0.0477,0.77501356,1216,0.0235,0.008955,93.47865
2010-09-01,0.0956,0.763184,1271,0.023004545,0.008805,93.38535
2010-10-01,0.0388,0.71937271,1342,0.023457143,0.009976667,93.47865
2010-11-01,0.006,0.73238611,1370,0.025327273,0.010420455,93.57194
2010-12-01,0.0683,0.75637244,1391,0.029147619,0.010216957,94.13169
2011-01-01,0.0199,0.74788722,1360,0.030166667,0.010172381,93.94511
2011-02-01,0.0349,0.73227885,1375,0.03199,0.0108675,94.50486
2011-03-01,0.0046,0.71326676,1423,0.032117391,0.011755217,95.06461
2011-04-01,0.029,0.69156293,1481,0.033405263,0.013212105,95.06461
2011-05-01,-0.0127,0.6975933,1513,0.030609091,0.014250909,95.06461
2011-06-01,-0.0174,0.6942998,1529,0.028909091,0.014885909,95.15791
2011-07-01,-0.0235,0.70052539,1573,0.027438095,0.01597619,95.34449
2011-08-01,-0.0595,0.69769064,1759,0.022134783,0.01552087,95.43778
2011-09-01,-0.0758,0.72743144,1772,0.018290909,0.015364545,95.62437
2011-10-01,0.1133,0.72822604,1666,0.02002381,0.015758571,95.62437
2011-11-01,-0.0027,0.73757191,1739,0.018740909,0.014846818,95.81095
2011-12-01,0.0075,0.76016724,1640,0.01927619,0.014260952,95.99754
2012-01-01,0.0505,0.77459334,1654,0.018209091,0.012222273,95.90424
2012-02-01,0.0442,0.75540112,1745,0.018519048,0.010482857,96.55729
2012-03-01,0.0312,0.7571169,1676,0.018304545,0.008584545,97.11703
2012-04-01,-0.0085,0.75987842,1649,0.016242105,0.007443158,96.93046
2012-05-01,-0.0616,0.78088396,1589,0.013368182,0.006849091,96.93046
2012-06-01,0.0389,0.79738458,1599,0.013004762,0.006588571,96.74387
2012-07-01,0.0079,0.8144649,1594,0.012422727,0.004970455,97.11703
2012-08-01,0.0255,0.80606158,1630,0.013417391,0.003323913,97.4902
2012-09-01,0.0274,0.77609624,1745,0.014905,0.002463,97.5835
2012-10-01,-0.0175,0.77077231,1747,0.014669565,0.00207913,97.5835
2012-11-01,0.0079,0.77899821,1722,0.013359091,0.00192,97.67679
2012-12-01,0.0119,0.76225322,1685,0.012994118,0.001854737,97.95667
2013-01-01,0.0557,0.75165364,1672,0.015122727,0.002049091,97.4902
2013-02-01,0.0128,0.74923204,1628,0.015435,0.0022335,98.04996
2013-03-01,0.0404,0.77202193,1593,0.013545,0.0020605,98.51642
2013-04-01,0.0156,0.76775432,1488,0.011961905,0.002089048,98.04996
2013-05-01,0.028,0.770238,1414,0.012940909,0.002012273,98.42313
2013-06-01,-0.012,0.75774797,1343,0.015305,0.0021025,98.51642
2013-07-01,0.0565,0.76405868,1286,0.015656522,0.002214348,98.98288
2013-08-01,-0.0271,0.75108908,1352,0.01735,0.002258636,98.98288
2013-09-01,0.0377,0.74827896,1349,0.018880952,0.002232381,98.98288
2013-10-01,0.0417,0.73281548,1317,0.017621739,0.002258261,98.7963
2013-11-01,0.0311,0.7412349,1276,0.016771429,0.00223381,98.98288
2013-12-01,0.0281,0.72950102,1222,0.017977778,0.002735,99.35605
2014-01-01,-0.0332,0.73432222,1244,0.017559091,0.002920455,98.7963
2014-02-01,0.0466,0.73179656,1300,0.015585,0.002881,99.26276
2014-03-01,0.0043,0.72317038,1336,0.015085714,0.003053333,99.54263
2014-04-01,-0.0018,0.72411296,1298,0.014565,0.0032975,99.35605
2014-05-01,0.0205,0.72785501,1289,0.013271429,0.003245714,99.26276
2014-06-01,0.026,0.73556455,1279,0.012642857,0.002414286,99.54263
2014-07-01,-0.0203,0.73893446,1311,0.011143478,0.002050435,99.82251
2014-08-01,0.0424,0.75103267,1295,0.0095619048,0.001915714,99.82251
2014-09-01,-0.0196,0.77585538,1237,0.0092136364,0.000970909,99.82251
2014-10-01,0.0251,0.78883016,1222,0.0079090909,0.000826087,99.54263
2014-11-01,0.0256,0.80173174,1175,0.00719,0.000809,99.54263
2014-12-01,-0.0005,0.81109579,1201,0.0058894737,0.000809048,99.54263
2015-01-01,-0.031,0.86095566,1251,0.0039,0.000626667,98.51642
2015-02-01,0.0613,0.88105727,1227,0.00302,0.000482,99.21654
2015-03-01,-0.0111,0.92429984,1179,0.0022727273,0.000271818,99.71662
2015-04-01,0.0059,0.92404361,1199,0.00122,4.7e-05,100.2167
2015-05-01,0.0137,0.89549566,1199,0.0055578947,-0.000103684,100.4167
2015-06-01,-0.0152,0.89078924,1182,0.0079272727,-0.000139091,100.4167
2015-07-01,0.0157,0.90933891,1128,0.0071,-0.000187391,100.6168
2015-08-01,-0.0602,0.89798851,1118,0.0060857143,-0.000276667,100.6168
2015-09-01,-0.0306,0.89055125,1125,0.0065409091,-0.000370455,100.4167
2015-10-01,0.0775,0.89063057,1159,0.0051818182,-0.000535909,100.4167
2015-11-01,0.0057,0.93222709,1086,0.0051619048,-0.00087619,99.71662
2015-12-01,-0.0214,0.91835798,1076,0.005455,-0.001263182,99.71662
2016-01-01,-0.0573,0.92123445,1098,0.004305,-0.0014615,99.0165
2016-02-01,-0.0004,0.90155067,1200,0.0017285714,-0.001835714,99.31655
2016-03-01,0.0697,0.89814981,1245,0.0017142857,-0.002285238,100.0167
2016-04-01,0.0093,0.88136788,1242,0.0013428571,-0.002491905,100.1167
2016-05-01,0.0179,0.88401697,1261,0.0013285714,-0.002571818,100.6168
2016-06-01,-0.0001,0.89031339,1276,-0.00016818182,-0.002679091,100.7168
2016-07-01,0.0396,0.90456807,1337,-0.0015428571,-0.002945238,101.1169
2016-08-01,0.0051,0.89229946,1340,-0.0013173913,-0.002982174,101.0168
2016-09-01,0.0029,0.8914245,1327,-0.00084090909,-0.003016364,101.0168
2016-10-01,-0.0199,0.90793536,1267,2e-05,-0.00309,101.2169
2016-11-01,0.0487,0.92661231,1238,0.0018909091,-0.003126818,100.5168
2016-12-01,0.0184,0.94831674,1157,0.0025190476,-0.003157619,101.2169
2017-01-01,0.0198,0.94029149,1192,0.0025090909,-0.003255455,100.6168
2017-02-01,0.0359,0.93896714,1234,0.00258,-0.003286,101.2169
2017-03-01,0.002,0.9353662,1231,0.0034826087,-0.003293478,101.4169
2017-04-01,0.0113,0.93335822,1267,0.0022555556,-0.003303889,101.817
2017-05-01,0.0113,0.90497738,1246,0.0033636364,-0.003294545,101.817
2017-06-01,0.0085,0.89023413,1260,0.0025047619,-0.0033,102.117
2017-07-01,0.0195,0.86730269,1237,0.0045571429,-0.003304286,102.5171
2017-08-01,0.0027,0.84652501,1283,0.0034608696,-0.00329087,102.6171
2017-09-01,0.0258,0.83941912,1314,0.0034714286,-0.00329381,102.7171
2017-10-01,0.0235,0.85070183,1280,0.003725,-0.003295455,102.5171
2017-11-01,0.032,0.85157115,1282,0.0030818182,-0.00329,102.117
2017-12-01,0.0115,0.84488003,1264,0.0029684211,-0.003278947,102.6171
2018-01-01,0.0569,0.81987374,1331,0.0047454545,-0.003284545,102.017
2018-02-01,-0.0353,0.81037277,1331,0.00659,-0.003285,102.3171
2018-03-01,-0.0223,0.81076699,1325,0.0052952381,-0.003279048,102.9172
2018-04-01,0.0041,0.81499593,1335,0.0048,-0.0032845,103.1172
2018-05-01,0.028,0.84580902,1303,0.0045,-0.003252273,103.9173
2018-06-01,0.0063,0.85623769,1282,0.0032714286,-0.003220476,104.0173
2018-07-01,0.0336,0.85579803,1238,0.0027454545,-0.003207273,104.4174
2018-08-01,0.0361,0.86602581,1202,0.0029086957,-0.00319,104.5174
2018-09-01,0.0021,0.85711837,1198,0.003705,-0.0031885,104.7175
2018-10-01,-0.0746,0.87047354,1215,0.0039909091,-0.003176957,104.9175
2018-11-01,0.0189,0.87997184,1221,0.0031409091,-0.003163636,104.2174
2018-12-01,-0.0936,0.87873462,1250,0.0018705882,-0.003118947,104.2174
2019-01-01,0.0858,0.87581012,1292,0.0013272727,-0.00308,103.4172
2019-02-01,0.036,0.8811349,1320,0.000555,-0.0030845,103.8173
2019-03-01,0.0129,0.88526912,1301,0.00010952381,-0.003091905,104.2174
2019-04-01,0.0418,0.89015489,1286,-0.000395,-0.0031045,105.2175
2019-05-01,-0.0671,0.8938947,1284,-0.0013454545,-0.003118636,105.4176
2019-06-01,0.0717,0.8853475,1359,-0.0031526316,-0.003289,105.7176
2019-07-01,0.0142,0.89198109,1413,-0.0038826087,-0.003648696,106.2177
2019-08-01,-0.0239,0.89855333,1500,-0.0064909091,-0.004076818,106.0177
2019-09-01,0.0159,0.90818273,1511,-0.005947619,-0.004175714,106.0177
2019-10-01,0.0222,0.90432266,1495,-0.0046954545,-0.004128696,106.1177
2019-11-01,0.0399,0.90489548,1471,-0.0035238095,-0.004012857,105.3176
2019-12-01,0.0291,0.89976606,1479,-0.0029944444,-0.003947,105.8176
2020-01-01,0.0002,0.90106325,1561,-0.0031363636,-0.003911364,105.2175
2020-02-01,-0.0803,0.91650628,1597,-0.00466,-0.0040885,105.5338
2020-03-01,-0.1325,0.90530509,1592,-0.0054136364,-0.004166364,105.7447
2020-04-01,0.136,0.91987858,1683,-0.004495,-0.0025405,105.8501
2020-05-01,0.0558,0.91684239,1716,-0.005165,-0.0027195,105.8501
2020-06-01,0.0246,0.88817835,1732,-0.0043428571,-0.00376,105.9555
2020-07-01,0.0584,0.87047354,1847,-0.0052304348,-0.004441304,105.1121
2020-08-01,0.0763,0.84523709,1969,-0.0052333333,-0.004797143,105.1121
2020-09-01,-0.0363,0.84853627,1922,-0.0052409091,-0.004913636,105.1121
2020-10-01,-0.0207,0.84976207,1900,-0.0060727273,-0.005091364,105.323
2020-11-01,0.1246,0.84559445,1866,-0.006147619,-0.005208571,105.1121
2020-12-01,0.0464,0.82182774,1858,-0.006185,-0.005380909,105.2175
2021-01-01,-0.0007,0.8211529,1867,-0.005835,-0.0054715,106.4827
2021-02-01,0.0281,0.82685629,1808,-0.004455,-0.005411,107.1152
2021-03-01,0.0317,0.84019493,1718,-0.0036478261,-0.00539087,107.6424
2021-04-01,0.0495,0.835771,1760,-0.00325,-0.0053815,107.9587
2021-05-01,0.003,0.82331632,1850,-0.002235,-0.005400952,108.1695
2021-06-01,0.0274,0.83001328,1835,-0.0028863636,-0.005429091,108.4858
2021-07-01,0.0134,0.84595212,1808,-0.0045136364,-0.005448182,109.013
2021-08-01,0.0294,0.84983428,1785,-0.0053863636,-0.005475909,109.1184
2021-09-01,-0.044,0.84997875,1775,-0.0036272727,-0.005450455,109.4347
2021-10-01,0.0663,0.86206897,1777,-0.0020428571,-0.005498095,109.9618
2021-11-01,-0.0158,0.87596356,1822,-0.0031363636,-0.005673636,110.1727
2021-12-01,0.0324,0.88487744,1790,-0.0038428571,-0.005819565,110.3835
2022-01-01,-0.0616,0.8836264,1816,-0.001147619,-0.005601429,110.9107
2022-02-01,-0.0228,0.8811349,1856,0.0015,-0.005315,111.7541
2022-03-01,0.0308,0.90752337,1948,0.0028173913,-0.004954348,113.9681
2022-04-01,-0.0941,0.9256688,1937,0.0074631579,-0.004478947,114.7061
2022-05-01,-0.0031,0.94634239,1849,0.0095272727,-0.003857273,115.7604
2022-06-01,-0.0834,0.94634239,1837,0.01445,-0.002392273,115.7604
2022-07-01,0.0965,0.98347758,1733,0.010819048,0.00036619,116.2875
2022-08-01,-0.0358,0.98726429,1765,0.010343478,0.003947391,116.7092
2022-09-01,-0.0915,1.0102031,1681,0.017954545,0.010108636,118.8178
2022-10-01,0.0808,1.0149193,1664,0.021866667,0.014276667,119.6612
2022-11-01,0.0494,0.9811617,1725,0.020663636,0.018252273,119.8721
2022-12-01,-0.0605,0.9441979,1798,0.020852381,0.020634762,119.3449
2023-01-01,0.0696,0.92790201,1898,0.021927273,0.023448636,120.5047
2023-02-01,-0.0223,0.93440478,1855,0.023705,0.0264035,121.4535
2023-03-01,0.0284,0.93361964,1913,0.023834783,0.029105652,122.4024
2023-04-01,0.0097,0.91224229,2000,0.023594444,0.031794444,122.9295
2023-05-01,0.007,0.92021717,1992,0.023422727,0.033717273,122.8241
2023-06-01,0.0686,0.92250923,1943,0.023763636,0.035358636,123.1404
2023-07-01,0.0366,0.90358724,1951,0.024566667,0.036718095,123.4566
2023-08-01,-0.0191,0.91659028,1919,0.025456522,0.037803043,123.8784
2023-09-01,-0.048,0.93703148,1916,0.026614286,0.038800476,124.1946
2023-10-01,-0.0268,0.94652153,1916,0.028231818,0.039676364,124.1946
2023-11-01,0.0932,0.92429984,1984,0.026013636,0.039716364,123.6675
2023-12-01,0.0528,0.91667431,2026,0.021021053,0.039348947,123.7729
2024-01-01,0.012,0.91751537,2034,0.021745455,0.039252727,123.9838
2024-02-01,0.0549,0.92652645,2023,0.023319048,0.039231905,124.5109
2024-03-01,0.0327,0.9199632,2158,0.023495,0.039231,125.0381
2024-04-01,-0.0418,0.93248788,2331,0.024457143,0.038853333,125.6706
2024-05-01,0.0477,0.92506938,2351,0.025195455,0.038126818,125.7761
2024-06-01,0.0321,0.92910898,2326,0.024845,0.037245,125.8815
2024-07-01,0.0167,0.92191389,2398,0.024582609,0.036848261,126.3032
2024-08-01,0.0208,0.90744102,2470,0.022077273,0.035475909,126.1978
2024-09-01,0.0212,0.90057637,2571,0.021671429,0.034337143,126.1978
2024-10-01,-0.0061,0.91785223,2690,0.022295652,0.031666087,126.7249
2024-11-01,0.0689,0.94153093,2651,0.023057143,0.030067619,126.4086
2024-12-01,-0.028,0.95492743,2648,0.021788889,0.028246,127.0412
2025-01-01,0.0317,0.96562379,2710,0.024836364,0.027042727,126.8304
2025-02-01,-0.0211,0.96033804,2895,0.024055,0.0252495,127.3575
2025-03-01,-0.0605,0.92481273,2983,0.027414286,0.024424286,127.7792
2025-04-01,-0.0049,0.89031339,3218,0.025105,0.022494,128.36445
2025-05-01,0.0644,0.88699663,3309,0.025628571,0.020872381,128.55953
2025-06-01,0.052,0.86700191,3353,0.025190476,0.01983619,128.65707
2025-07-01,0.0232,0.85682461,3340,0.026313043,0.019863478,129.14478
2025-08-01,0.0222,0.85859019,3368,0.026733333,0.020210952,129.24232
2025-09-01,0.0372,0.85186132,3668,0.026931818,0.020272727,129.53494
2025-10-01,0.0233,0.85903273,4058,0.026178261,0.020344348,129.92511
2025-11-01,0.0017,0.86520159,4087,0.026575,0.0204165,129.33986
2025-12-01,-0.0002,0.85397096,4309,0.028142105,0.020484286,129.53494
